{"RuleTriggered": 1, "Violations": 1, "Details": {"algo-1": {"cpu": {"p25": 32.4225, "p50": 35.027499999999996, "p75": 49.9475, "p95": 74.646, "upper": 76.235, "lower": 13.60625}, "gpu0": {"p25": 0.0, "p50": 1.0, "p75": 4.0, "p95": 5.0, "upper": 6.0, "lower": 0.0}, "gpu0_memory": {"p25": 0.0, "p50": 0.0, "p75": 1.0, "p95": 1.0, "upper": 1.0, "lower": 0.0}}, "last_timestamp": 1657559700000000}, "Datapoints": 1079, "RuleParameters": "cpu_threshold_p95:70\ngpu_threshold_p95:70\ngpu_memory_threshold_p95:70\npatience:1000\nwindow:500"}