{"RuleTriggered": 0, "Violations": 325, "Details": {"low_gpu_utilization": 1080, "bottlenecks": {"1657559701.003104": {"GPUs": 1, "CPUs": 1}, "1657559701.501478": {"GPUs": 1, "CPUs": 1}, "1657559702.001501": {"GPUs": 1, "CPUs": 1}, "1657559703.001477": {"GPUs": 1, "CPUs": 1}, "1657559719.501449": {"GPUs": 1, "CPUs": 1}, "1657559720.003347": {"GPUs": 1, "CPUs": 1}, "1657559727.001448": {"GPUs": 1, "CPUs": 1}, "1657559728.502808": {"GPUs": 1, "CPUs": 1}, "1657559729.00145": {"GPUs": 1, "CPUs": 1}, "1657559729.501502": {"GPUs": 1, "CPUs": 2}, "1657559730.001441": {"GPUs": 1, "CPUs": 1}, "1657559730.501456": {"GPUs": 1, "CPUs": 1}, "1657559731.00152": {"GPUs": 1, "CPUs": 1}, "1657559731.501429": {"GPUs": 1, "CPUs": 1}, "1657559738.001488": {"GPUs": 1, "CPUs": 1}, "1657559738.502053": {"GPUs": 1, "CPUs": 1}, "1657559739.001475": {"GPUs": 1, "CPUs": 2}, "1657559739.50295": {"GPUs": 1, "CPUs": 2}, "1657559740.005127": {"GPUs": 1, "CPUs": 2}, "1657559740.501543": {"GPUs": 1, "CPUs": 1}, "1657559741.001623": {"GPUs": 1, "CPUs": 1}, "1657559741.501477": {"GPUs": 1, "CPUs": 3}, "1657559742.00151": {"GPUs": 1, "CPUs": 2}, "1657559742.501656": {"GPUs": 1, "CPUs": 2}, "1657559743.001442": {"GPUs": 1, "CPUs": 1}, "1657559743.501548": {"GPUs": 1, "CPUs": 2}, "1657559744.00176": {"GPUs": 1, "CPUs": 4}, "1657559744.501691": {"GPUs": 1, "CPUs": 3}, "1657559745.001456": {"GPUs": 1, "CPUs": 3}, "1657559745.501449": {"GPUs": 1, "CPUs": 4}, "1657559746.00201": {"GPUs": 1, "CPUs": 3}, "1657559746.501453": {"GPUs": 1, "CPUs": 3}, "1657559747.001508": {"GPUs": 1, "CPUs": 3}, "1657559747.502197": {"GPUs": 1, "CPUs": 4}, "1657559748.001442": {"GPUs": 1, "CPUs": 4}, "1657559748.501492": {"GPUs": 1, "CPUs": 3}, "1657559749.001442": {"GPUs": 1, "CPUs": 4}, "1657559749.50186": {"GPUs": 1, "CPUs": 2}, "1657559750.00253": {"GPUs": 1, "CPUs": 3}, "1657559750.501522": {"GPUs": 1, "CPUs": 3}, "1657559751.001472": {"GPUs": 1, "CPUs": 2}, "1657559751.501452": {"GPUs": 1, "CPUs": 1}, "1657559752.001486": {"GPUs": 1, "CPUs": 3}, "1657559752.501428": {"GPUs": 1, "CPUs": 3}, "1657559753.001471": {"GPUs": 1, "CPUs": 3}, "1657559753.501437": {"GPUs": 1, "CPUs": 3}, "1657559754.001462": {"GPUs": 1, "CPUs": 3}, "1657559754.501438": {"GPUs": 1, "CPUs": 4}, "1657559755.001463": {"GPUs": 1, "CPUs": 5}, "1657559755.501514": {"GPUs": 1, "CPUs": 4}, "1657559756.001439": {"GPUs": 1, "CPUs": 4}, "1657559756.50149": {"GPUs": 1, "CPUs": 3}, "1657559758.501631": {"GPUs": 1, "CPUs": 1}, "1657559760.00145": {"GPUs": 1, "CPUs": 1}, "1657559760.501496": {"GPUs": 1, "CPUs": 1}, "1657559761.006147": {"GPUs": 1, "CPUs": 2}, "1657559761.501436": {"GPUs": 1, "CPUs": 1}, "1657559762.00294": {"GPUs": 1, "CPUs": 3}, "1657559762.501513": {"GPUs": 1, "CPUs": 1}, "1657559763.001448": {"GPUs": 1, "CPUs": 1}, "1657559763.504246": {"GPUs": 1, "CPUs": 1}, "1657559764.510244": {"GPUs": 1, "CPUs": 3}, "1657559766.502852": {"GPUs": 1, "CPUs": 1}, "1657559767.001455": {"GPUs": 1, "CPUs": 1}, "1657559767.501583": {"GPUs": 1, "CPUs": 1}, "1657559768.005163": {"GPUs": 1, "CPUs": 4}, "1657559768.503714": {"GPUs": 1, "CPUs": 2}, "1657559769.001526": {"GPUs": 1, "CPUs": 3}, "1657559769.501497": {"GPUs": 1, "CPUs": 2}, "1657559770.001466": {"GPUs": 1, "CPUs": 2}, "1657559770.502234": {"GPUs": 1, "CPUs": 3}, "1657559771.001466": {"GPUs": 1, "CPUs": 3}, "1657559771.501452": {"GPUs": 1, "CPUs": 3}, "1657559772.001425": {"GPUs": 1, "CPUs": 3}, "1657559772.501442": {"GPUs": 1, "CPUs": 2}, "1657559773.001418": {"GPUs": 1, "CPUs": 1}, "1657559773.502082": {"GPUs": 1, "CPUs": 2}, "1657559774.001485": {"GPUs": 1, "CPUs": 2}, "1657559774.501459": {"GPUs": 1, "CPUs": 3}, "1657559775.001466": {"GPUs": 1, "CPUs": 3}, "1657559775.501457": {"GPUs": 1, "CPUs": 3}, "1657559776.001451": {"GPUs": 1, "CPUs": 3}, "1657559790.001404": {"GPUs": 1, "CPUs": 2}, "1657559790.501434": {"GPUs": 1, "CPUs": 1}, "1657559791.001509": {"GPUs": 1, "CPUs": 1}, "1657559791.501449": {"GPUs": 1, "CPUs": 1}, "1657559792.001433": {"GPUs": 1, "CPUs": 1}, "1657559792.501444": {"GPUs": 1, "CPUs": 2}, "1657559793.001445": {"GPUs": 1, "CPUs": 3}, "1657559793.501415": {"GPUs": 1, "CPUs": 2}, "1657559794.001464": {"GPUs": 1, "CPUs": 3}, "1657559794.501414": {"GPUs": 1, "CPUs": 2}, "1657559795.001454": {"GPUs": 1, "CPUs": 2}, "1657559795.501485": {"GPUs": 1, "CPUs": 2}, "1657559796.001402": {"GPUs": 1, "CPUs": 3}, "1657559796.501499": {"GPUs": 1, "CPUs": 2}, "1657559797.001446": {"GPUs": 1, "CPUs": 3}, "1657559797.501448": {"GPUs": 1, "CPUs": 3}, "1657559798.001499": {"GPUs": 1, "CPUs": 2}, "1657559798.501453": {"GPUs": 1, "CPUs": 2}, "1657559799.001461": {"GPUs": 1, "CPUs": 3}, "1657559799.501399": {"GPUs": 1, "CPUs": 3}, "1657559800.001411": {"GPUs": 1, "CPUs": 3}, "1657559800.501482": {"GPUs": 1, "CPUs": 2}, "1657559801.001441": {"GPUs": 1, "CPUs": 1}, "1657559801.501435": {"GPUs": 1, "CPUs": 2}, "1657559802.001553": {"GPUs": 1, "CPUs": 2}, "1657559802.501426": {"GPUs": 1, "CPUs": 1}, "1657559803.001437": {"GPUs": 1, "CPUs": 1}, "1657559803.501461": {"GPUs": 1, "CPUs": 1}, "1657559804.001466": {"GPUs": 1, "CPUs": 1}, "1657559804.50144": {"GPUs": 1, "CPUs": 2}, "1657559805.001406": {"GPUs": 1, "CPUs": 2}, "1657559805.501482": {"GPUs": 1, "CPUs": 1}, "1657559806.001419": {"GPUs": 1, "CPUs": 1}, "1657559806.501435": {"GPUs": 1, "CPUs": 1}, "1657559807.501428": {"GPUs": 1, "CPUs": 1}, "1657559811.001509": {"GPUs": 1, "CPUs": 1}, "1657559811.50523": {"GPUs": 1, "CPUs": 1}, "1657559814.0014": {"GPUs": 1, "CPUs": 2}, "1657559814.50143": {"GPUs": 1, "CPUs": 3}, "1657559815.001421": {"GPUs": 1, "CPUs": 3}, "1657559815.501433": {"GPUs": 1, "CPUs": 2}, "1657559816.001445": {"GPUs": 1, "CPUs": 2}, "1657559822.002956": {"GPUs": 1, "CPUs": 1}, "1657559837.001855": {"GPUs": 1, "CPUs": 2}, "1657559837.501415": {"GPUs": 1, "CPUs": 2}, "1657559838.001431": {"GPUs": 1, "CPUs": 2}, "1657559838.501442": {"GPUs": 1, "CPUs": 1}, "1657559839.501429": {"GPUs": 1, "CPUs": 2}, "1657559840.00144": {"GPUs": 1, "CPUs": 2}, "1657559840.50141": {"GPUs": 1, "CPUs": 2}, "1657559841.001475": {"GPUs": 1, "CPUs": 2}, "1657559841.501466": {"GPUs": 1, "CPUs": 2}, "1657559842.001436": {"GPUs": 1, "CPUs": 3}, "1657559842.501505": {"GPUs": 1, "CPUs": 3}, "1657559843.001494": {"GPUs": 1, "CPUs": 1}, "1657559843.501417": {"GPUs": 1, "CPUs": 2}, "1657559844.001506": {"GPUs": 1, "CPUs": 2}, "1657559856.001455": {"GPUs": 1, "CPUs": 3}, "1657559856.501441": {"GPUs": 1, "CPUs": 2}, "1657559857.001452": {"GPUs": 1, "CPUs": 2}, "1657559857.50146": {"GPUs": 1, "CPUs": 1}, "1657559858.001448": {"GPUs": 1, "CPUs": 1}, "1657559858.501504": {"GPUs": 1, "CPUs": 1}, "1657559860.001425": {"GPUs": 1, "CPUs": 2}, "1657559860.501458": {"GPUs": 1, "CPUs": 2}, "1657559861.001434": {"GPUs": 1, "CPUs": 2}, "1657559861.501395": {"GPUs": 1, "CPUs": 2}, "1657559862.001534": {"GPUs": 1, "CPUs": 1}, "1657559879.501494": {"GPUs": 1, "CPUs": 1}, "1657559880.001399": {"GPUs": 1, "CPUs": 1}, "1657559880.501528": {"GPUs": 1, "CPUs": 1}, "1657559882.001461": {"GPUs": 1, "CPUs": 2}, "1657559882.501448": {"GPUs": 1, "CPUs": 1}, "1657559884.001475": {"GPUs": 1, "CPUs": 1}, "1657559886.001493": {"GPUs": 1, "CPUs": 1}, "1657559890.001411": {"GPUs": 1, "CPUs": 1}, "1657559890.501452": {"GPUs": 1, "CPUs": 2}, "1657559891.001457": {"GPUs": 1, "CPUs": 2}, "1657559891.50145": {"GPUs": 1, "CPUs": 2}, "1657559892.001491": {"GPUs": 1, "CPUs": 2}, "1657559892.501409": {"GPUs": 1, "CPUs": 2}, "1657559893.001454": {"GPUs": 1, "CPUs": 2}, "1657559893.501467": {"GPUs": 1, "CPUs": 2}, "1657559894.00142": {"GPUs": 1, "CPUs": 2}, "1657559894.501474": {"GPUs": 1, "CPUs": 2}, "1657559895.001436": {"GPUs": 1, "CPUs": 2}, "1657559895.501449": {"GPUs": 1, "CPUs": 2}, "1657559896.001437": {"GPUs": 1, "CPUs": 2}, "1657559896.50144": {"GPUs": 1, "CPUs": 2}, "1657559897.001434": {"GPUs": 1, "CPUs": 2}, "1657559897.501436": {"GPUs": 1, "CPUs": 2}, "1657559898.00145": {"GPUs": 1, "CPUs": 3}, "1657559898.501485": {"GPUs": 1, "CPUs": 1}, "1657559899.001447": {"GPUs": 1, "CPUs": 2},