{"RuleTriggered": 0, "Violations": 0, "Details": {"pin_memory": false, "num_workers": 0, "cores": 8, "dataloaders": 1, "dataloading_time": {"p25": 0.073005, "p50": 0.073005, "p95": 0.073005, "probs": [0, 0, 0, 0, 0, 0, 0, 0, 0, 0, 0, 0, 0, 0, 0, 0, 0, 0, 0, 0, 0, 0, 0, 0, 0, 0, 0, 0, 0, 0, 0, 0, 0, 0, 0, 0, 0, 0, 0, 0, 0, 0, 0, 0, 0, 0, 0, 0, 0, 0, 1, 0, 0, 0, 0, 0, 0, 0, 0, 0, 0, 0, 0, 0, 0, 0, 0, 0, 0, 0, 0, 0, 0, 0, 0, 0, 0, 0, 0, 0, 0, 0, 0, 0, 0, 0, 0, 0, 0, 0, 0, 0, 0, 0, 0, 0, 0, 0, 0, 0], "binedges": [-0.426995, -0.416995, -0.406995, -0.396995, -0.38699500000000003, -0.376995, -0.366995, -0.356995, -0.346995, -0.33699500000000004, -0.32699500000000004, -0.316995, -0.306995, -0.296995, -0.286995, -0.276995, -0.266995, -0.256995, -0.24699500000000002, -0.236995, -0.226995, -0.21699500000000002, -0.206995, -0.196995, -0.18699500000000002, -0.176995, -0.166995, -0.156995, -0.146995, -0.13699500000000003, -0.12699500000000002, -0.11699500000000002, -0.106995, -0.096995, -0.08699499999999999, -0.07699499999999998, -0.06699500000000003, -0.05699500000000002, -0.04699500000000001, -0.036995, -0.02699499999999999, -0.016994999999999982, -0.006995000000000029, 0.00300499999999998, 0.013004999999999989, 0.023004999999999998, 0.03300500000000001, 0.043005000000000015, 0.05300499999999997, 0.06300499999999998, 0.07300499999999999, 0.083005, 0.093005, 0.10300500000000001, 0.11300500000000002, 0.12300500000000003, 0.13300500000000004, 0.14300500000000005, 0.15300499999999995, 0.16300499999999996, 0.17300499999999996, 0.18300499999999997, 0.19300499999999998, 0.203005, 0.213005, 0.223005, 0.23300500000000002, 0.24300500000000003, 0.25300500000000004, 0.26300500000000004, 0.27300500000000005, 0.28300499999999995, 0.29300499999999996, 0.30300499999999997, 0.313005, 0.323005, 0.333005, 0.343005, 0.353005, 0.363005, 0.37300500000000003, 0.38300500000000004, 0.39300500000000005, 0.40300500000000006, 0.41300499999999996, 0.42300499999999996, 0.433005, 0.443005, 0.453005, 0.463005, 0.473005, 0.483005, 0.493005, 0.503005, 0.513005, 0.523005, 0.533005, 0.543005, 0.553005, 0.563005, 0.573005]}}, "Datapoints": 1, "RuleParameters": "min_threshold:70\nmax_threshold:200"}