{"RuleTriggered": 0, "Violations": 0, "Details": {"ratio": {"gpu_functions-dev:0": 49.996889559048476, "cpu_functions": 50.003110440951524}, "phase": {"Step:ModeKeys.TRAIN": 37.439193999914615, "others": 58.843921571129776, "Step:ModeKeys.EVAL": 3.7168844289556096}, "phase_time": {}, "CPU": {"aten::conv2d": 23.188605729606355, "aten::convolution": 23.18732327036251, "aten::_convolution": 23.186290178193854, "aten::cudnn_convolution": 23.18066457572374, "aten::linear": 3.6307608655543055, "aten::addmm": 3.6263553805592417}, "CPU_total": {"aten::conv2d": 7811147, "aten::convolution": 7810715, "aten::_convolution": 7810367, "aten::cudnn_convolution": 7808472, "aten::linear": 1223032, "aten::addmm": 1221548}, "GPU": {"aten::conv2d": 23.18836695038489, "aten::convolution": 23.187494254380262, "aten::_convolution": 23.186597811545575, "aten::cudnn_convolution": 23.181127135570982, "aten::linear": 3.6304064741932667, "aten::addmm": 3.6260073739250367}, "GPU_total": {"aten::conv2d": 7811861, "aten::convolution": 7811567, "aten::_convolution": 7811265, "aten::cudnn_convolution": 7809422, "aten::linear": 1223037, "aten::addmm": 1221555}, "general": {"DataLoaderIterInitialize": 0.005616084982240707, "DataLoaderIter": 0.0958845379159221, "Forward": 99.89849937710183}}, "Datapoints": 0, "RuleParameters": ""}