{"RuleTriggered": 0, "Violations": 0, "Details": {"step_details": {"algo-1-26": {"step_stats": {"mean": 0.018627336043360435, "max": 0.07885, "p99": 0.023309079999999996, "p95": 0.0218256, "p50": 0.018183, "min": 0.015027}, "number_of_outliers": 2, "phase": "Step:ModeKeys.EVAL", "stddev": 0.0, "probs": [1, 3, 3, 6, 7, 3, 4, 3, 8, 5, 3, 5, 1, 7, 5, 5, 5, 7, 9, 7, 11, 11, 8, 6, 7, 9, 2, 4, 5, 11, 3, 4, 4, 6, 6, 6, 4, 10, 5, 1, 2, 3, 5, 3, 3, 4, 3, 5, 8, 5, 4, 6, 3, 3, 4, 6, 2, 5, 5, 8, 5, 5, 4, 2, 3, 3, 3, 3, 4, 3, 5, 2, 2, 2, 1, 2, 3, 1, 0, 1, 1, 1, 0, 0, 1, 0, 1, 0, 0, 0, 0, 0, 1, 0, 0, 0, 0, 0, 0, 1], "binedges": [0.015027, 0.01512091, 0.01521482, 0.01530873, 0.01540264, 0.01549655, 0.01559046, 0.01568437, 0.01577828, 0.01587219, 0.0159661, 0.01606001, 0.01615392, 0.01624783, 0.01634174, 0.01643565, 0.01652956, 0.01662347, 0.01671738, 0.01681129, 0.0169052, 0.01699911, 0.01709302, 0.01718693, 0.01728084, 0.01737475, 0.01746866, 0.01756257, 0.01765648, 0.01775039, 0.0178443, 0.01793821, 0.01803212, 0.01812603, 0.01821994, 0.01831385, 0.01840776, 0.01850167, 0.01859558, 0.01868949, 0.0187834, 0.01887731, 0.01897122, 0.01906513, 0.01915904, 0.019252949999999998, 0.01934686, 0.01944077, 0.01953468, 0.01962859, 0.0197225, 0.01981641, 0.01991032, 0.020004229999999998, 0.02009814, 0.02019205, 0.02028596, 0.02037987, 0.02047378, 0.02056769, 0.0206616, 0.020755509999999998, 0.02084942, 0.02094333, 0.02103724, 0.02113115, 0.02122506, 0.02131897, 0.02141288, 0.021506789999999998, 0.0216007, 0.02169461, 0.02178852, 0.02188243, 0.02197634, 0.02207025, 0.02216416, 0.022258069999999998, 0.02235198, 0.02244589, 0.0225398, 0.02263371, 0.02272762, 0.02282153, 0.02291544, 0.023009349999999998, 0.02310326, 0.02319717, 0.02329108, 0.02338499, 0.023478899999999997, 0.02357281, 0.02366672, 0.023760629999999998, 0.02385454, 0.02394845, 0.02404236, 0.02413627, 0.024230179999999997, 0.02432409, 0.024418], "step_numbers": ["0", "5"]}}}, "Datapoints": 3710, "RuleParameters": "threshold:3\nmode:None\nn_outliers:10\nstddev:3"}